,latitude,longitude,duration
0,47.45451452452417,8.392432229179988,3388.0
1,47.45451452452417,8.399063522720988,3757.0
2,47.45451452452417,8.40569481626199,4537.0
3,47.45451452452417,8.41232610980299,4400.0
4,47.45451452452417,8.41895740334399,3627.0
5,47.45451452452417,8.425588696884992,3268.0
6,47.45451452452417,8.432219990425992,2648.0
7,47.45451452452417,8.438851283966992,2609.0
8,47.45451452452417,8.445482577507992,4262.0
9,47.45451452452417,8.452113871048994,4208.0
10,47.45451452452417,8.458745164589994,3290.0
11,47.45451452452417,8.465376458130994,4001.0
12,47.45451452452417,8.472007751671995,4217.0
13,47.45451452452417,8.478639045212995,4429.0
14,47.45451452452417,8.485270338753995,4409.0
15,47.45451452452417,8.491901632294997,4001.0
16,47.45451452452417,8.498532925835997,3756.0
17,47.45451452452417,8.505164219376997,3731.0
18,47.45451452452417,8.511795512917999,3290.0
19,47.45451452452417,8.518426806458999,2929.0
20,47.45451452452417,8.525058099999999,2416.0
21,47.45451452452417,8.531689393541,1881.0
22,47.45451452452417,8.538320687082,2169.0
23,47.45451452452417,8.544951980623,5000.0
24,47.45451452452417,8.551583274164,5000.0
25,47.45451452452417,8.558214567705003,2944.0
26,47.45451452452417,8.564845861246003,2656.0
27,47.45451452452417,8.571477154787003,2253.0
28,47.45451452452417,8.578108448328004,2206.0
29,47.45451452452417,8.584739741869004,2273.0
30,47.45451452452417,8.591371035410004,2748.0
31,47.45451452452417,8.598002328951006,3006.0
32,47.45451452452417,8.604633622492006,3241.0
33,47.45451452452417,8.611264916033006,3748.0
34,47.45451452452417,8.617896209574008,3528.0
35,47.45451452452417,8.624527503115008,4046.0
36,47.45451452452417,8.631158796656008,3585.0
37,47.45451452452417,8.637790090197008,3431.0
38,47.45451452452417,8.64442138373801,3749.0
39,47.45451452452417,8.65105267727901,3371.0
40,47.45003194829796,8.392432229179988,3913.0
41,47.45003194829796,8.399063522720988,3827.0
42,47.45003194829796,8.40569481626199,3674.0
43,47.45003194829796,8.41232610980299,3923.0
44,47.45003194829796,8.41895740334399,3582.0
45,47.45003194829796,8.425588696884992,3284.0
46,47.45003194829796,8.432219990425992,2985.0
47,47.45003194829796,8.438851283966992,2744.0
48,47.45003194829796,8.445482577507992,3057.0
49,47.45003194829796,8.452113871048994,4481.0
50,47.45003194829796,8.458745164589994,4157.0
51,47.45003194829796,8.465376458130994,3782.0
52,47.45003194829796,8.472007751671995,4015.0
53,47.45003194829796,8.478639045212995,4076.0
54,47.45003194829796,8.485270338753995,3996.0
55,47.45003194829796,8.491901632294997,4840.0
56,47.45003194829796,8.498532925835997,4479.0
57,47.45003194829796,8.505164219376997,5000.0
58,47.45003194829796,8.511795512917999,3230.0
59,47.45003194829796,8.518426806458999,2709.0
60,47.45003194829796,8.525058099999999,2428.0
61,47.45003194829796,8.531689393541,2179.0
62,47.45003194829796,8.538320687082,2356.0
63,47.45003194829796,8.544951980623,2857.0
64,47.45003194829796,8.551583274164,4619.0
65,47.45003194829796,8.558214567705003,3199.0
66,47.45003194829796,8.564845861246003,1710.0
67,47.45003194829796,8.571477154787003,2341.0
68,47.45003194829796,8.578108448328004,2390.0
69,47.45003194829796,8.584739741869004,2166.0
70,47.45003194829796,8.591371035410004,2409.0
71,47.45003194829796,8.598002328951006,2534.0
72,47.45003194829796,8.604633622492006,2807.0
73,47.45003194829796,8.611264916033006,3070.0
74,47.45003194829796,8.617896209574008,3133.0
75,47.45003194829796,8.624527503115008,3561.0
76,47.45003194829796,8.631158796656008,3402.0
77,47.45003194829796,8.637790090197008,3784.0
78,47.45003194829796,8.64442138373801,3393.0
79,47.45003194829796,8.65105267727901,3185.0
80,47.44554937207175,8.392432229179988,3668.0
81,47.44554937207175,8.399063522720988,3515.0
82,47.44554937207175,8.40569481626199,3322.0
83,47.44554937207175,8.41232610980299,3585.0
84,47.44554937207175,8.41895740334399,4054.0
85,47.44554937207175,8.425588696884992,4113.0
86,47.44554937207175,8.432219990425992,3667.0
87,47.44554937207175,8.438851283966992,3396.0
88,47.44554937207175,8.445482577507992,3833.0
89,47.44554937207175,8.452113871048994,4043.0
90,47.44554937207175,8.458745164589994,3415.0
91,47.44554937207175,8.465376458130994,3846.0
92,47.44554937207175,8.472007751671995,3598.0
93,47.44554937207175,8.478639045212995,3766.0
94,47.44554937207175,8.485270338753995,3765.0
95,47.44554937207175,8.491901632294997,4319.0
96,47.44554937207175,8.498532925835997,4423.0
97,47.44554937207175,8.505164219376997,5000.0
98,47.44554937207175,8.511795512917999,3544.0
99,47.44554937207175,8.518426806458999,2820.0
100,47.44554937207175,8.525058099999999,2456.0
101,47.44554937207175,8.531689393541,2410.0
102,47.44554937207175,8.538320687082,2573.0
103,47.44554937207175,8.544951980623,2763.0
104,47.44554937207175,8.551583274164,4581.0
105,47.44554937207175,8.558214567705003,3919.0
106,47.44554937207175,8.564845861246003,3643.0
107,47.44554937207175,8.571477154787003,2112.0
108,47.44554937207175,8.578108448328004,2417.0
109,47.44554937207175,8.584739741869004,2344.0
110,47.44554937207175,8.591371035410004,2831.0
111,47.44554937207175,8.598002328951006,2892.0
112,47.44554937207175,8.604633622492006,2596.0
113,47.44554937207175,8.611264916033006,2522.0
114,47.44554937207175,8.617896209574008,2710.0
115,47.44554937207175,8.624527503115008,2715.0
116,47.44554937207175,8.631158796656008,2976.0
117,47.44554937207175,8.637790090197008,3189.0
118,47.44554937207175,8.64442138373801,3234.0
119,47.44554937207175,8.65105267727901,3206.0
120,47.44106679584554,8.392432229179988,4288.0
121,47.44106679584554,8.399063522720988,4559.0
122,47.44106679584554,8.40569481626199,4124.0
123,47.44106679584554,8.41232610980299,3867.0
124,47.44106679584554,8.41895740334399,4183.0
125,47.44106679584554,8.425588696884992,3927.0
126,47.44106679584554,8.432219990425992,3456.0
127,47.44106679584554,8.438851283966992,3181.0
128,47.44106679584554,8.445482577507992,3131.0
129,47.44106679584554,8.452113871048994,3637.0
130,47.44106679584554,8.458745164589994,3321.0
131,47.44106679584554,8.465376458130994,2843.0
132,47.44106679584554,8.472007751671995,2878.0
133,47.44106679584554,8.478639045212995,3525.0
134,47.44106679584554,8.485270338753995,3621.0
135,47.44106679584554,8.491901632294997,3980.0
136,47.44106679584554,8.498532925835997,4346.0
137,47.44106679584554,8.505164219376997,5000.0
138,47.44106679584554,8.511795512917999,3304.0
139,47.44106679584554,8.518426806458999,3161.0
140,47.44106679584554,8.525058099999999,2806.0
141,47.44106679584554,8.531689393541,2650.0
142,47.44106679584554,8.538320687082,2964.0
143,47.44106679584554,8.544951980623,3348.0
144,47.44106679584554,8.551583274164,2609.0
145,47.44106679584554,8.558214567705003,2495.0
146,47.44106679584554,8.564845861246003,2421.0
147,47.44106679584554,8.571477154787003,1997.0
148,47.44106679584554,8.578108448328004,2332.0
149,47.44106679584554,8.584739741869004,2967.0
150,47.44106679584554,8.591371035410004,2963.0
151,47.44106679584554,8.598002328951006,3146.0
152,47.44106679584554,8.604633622492006,3525.0
153,47.44106679584554,8.611264916033006,3164.0
154,47.44106679584554,8.617896209574008,2765.0
155,47.44106679584554,8.624527503115008,2529.0
156,47.44106679584554,8.631158796656008,2722.0
157,47.44106679584554,8.637790090197008,3194.0
158,47.44106679584554,8.64442138373801,3671.0
159,47.44106679584554,8.65105267727901,3571.0
160,47.436584219619334,8.392432229179988,4527.0
161,47.436584219619334,8.399063522720988,4940.0
162,47.436584219619334,8.40569481626199,5326.0
163,47.436584219619334,8.41232610980299,4909.0
164,47.436584219619334,8.41895740334399,5033.0
165,47.436584219619334,8.425588696884992,3963.0
166,47.436584219619334,8.432219990425992,3603.0
167,47.436584219619334,8.438851283966992,3387.0
168,47.436584219619334,8.445482577507992,3211.0
169,47.436584219619334,8.452113871048994,3375.0
170,47.436584219619334,8.458745164589994,3757.0
171,47.436584219619334,8.465376458130994,2749.0
172,47.436584219619334,8.472007751671995,2241.0
173,47.436584219619334,8.478639045212995,2715.0
174,47.436584219619334,8.485270338753995,3985.0
175,47.436584219619334,8.491901632294997,4264.0
176,47.436584219619334,8.498532925835997,4511.0
177,47.436584219619334,8.505164219376997,3452.0
178,47.436584219619334,8.511795512917999,4074.0
179,47.436584219619334,8.518426806458999,3404.0
180,47.436584219619334,8.525058099999999,3155.0
181,47.436584219619334,8.531689393541,2699.0
182,47.436584219619334,8.538320687082,2653.0
183,47.436584219619334,8.544951980623,2876.0
184,47.436584219619334,8.551583274164,2286.0
185,47.436584219619334,8.558214567705003,2277.0
186,47.436584219619334,8.564845861246003,2346.0
187,47.436584219619334,8.571477154787003,2330.0
188,47.436584219619334,8.578108448328004,2626.0
189,47.436584219619334,8.584739741869004,2812.0
190,47.436584219619334,8.591371035410004,3413.0
191,47.436584219619334,8.598002328951006,3715.0
192,47.436584219619334,8.604633622492006,3709.0
193,47.436584219619334,8.611264916033006,3357.0
194,47.436584219619334,8.617896209574008,2962.0
195,47.436584219619334,8.624527503115008,2818.0
196,47.436584219619334,8.631158796656008,2776.0
197,47.436584219619334,8.637790090197008,3033.0
198,47.436584219619334,8.64442138373801,3821.0
199,47.436584219619334,8.65105267727901,4062.0
200,47.432101643393125,8.392432229179988,3941.0
201,47.432101643393125,8.399063522720988,4209.0
202,47.432101643393125,8.40569481626199,3958.0
203,47.432101643393125,8.41232610980299,4295.0
204,47.432101643393125,8.41895740334399,5000.0
205,47.432101643393125,8.425588696884992,5000.0
206,47.432101643393125,8.432219990425992,4024.0
207,47.432101643393125,8.438851283966992,3717.0
208,47.432101643393125,8.445482577507992,3711.0
209,47.432101643393125,8.452113871048994,3844.0
210,47.432101643393125,8.458745164589994,3433.0
211,47.432101643393125,8.465376458130994,3074.0
212,47.432101643393125,8.472007751671995,2665.0
213,47.432101643393125,8.478639045212995,2761.0
214,47.432101643393125,8.485270338753995,3337.0
215,47.432101643393125,8.491901632294997,3457.0
216,47.432101643393125,8.498532925835997,3467.0
217,47.432101643393125,8.505164219376997,3176.0
218,47.432101643393125,8.511795512917999,3190.0
219,47.432101643393125,8.518426806458999,3239.0
220,47.432101643393125,8.525058099999999,3735.0
221,47.432101643393125,8.531689393541,3508.0
222,47.432101643393125,8.538320687082,3223.0
223,47.432101643393125,8.544951980623,2772.0
224,47.432101643393125,8.551583274164,2451.0
225,47.432101643393125,8.558214567705003,1716.0
226,47.432101643393125,8.564845861246003,2031.0
227,47.432101643393125,8.571477154787003,2142.0
228,47.432101643393125,8.578108448328004,2307.0
229,47.432101643393125,8.584739741869004,2830.0
230,47.432101643393125,8.591371035410004,3214.0
231,47.432101643393125,8.598002328951006,2952.0
232,47.432101643393125,8.604633622492006,2894.0
233,47.432101643393125,8.611264916033006,3425.0
234,47.432101643393125,8.617896209574008,2578.0
235,47.432101643393125,8.624527503115008,2891.0
236,47.432101643393125,8.631158796656008,3134.0
237,47.432101643393125,8.637790090197008,3415.0
238,47.432101643393125,8.64442138373801,3378.0
239,47.432101643393125,8.65105267727901,3767.0
240,47.427619067166916,8.392432229179988,3667.0
241,47.427619067166916,8.399063522720988,3460.0
242,47.427619067166916,8.40569481626199,3588.0
243,47.427619067166916,8.41232610980299,3694.0
244,47.427619067166916,8.41895740334399,4071.0
245,47.427619067166916,8.425588696884992,3768.0
246,47.427619067166916,8.432219990425992,3574.0
247,47.427619067166916,8.438851283966992,4077.0
248,47.427619067166916,8.445482577507992,3915.0
249,47.427619067166916,8.452113871048994,3857.0
250,47.427619067166916,8.458745164589994,3392.0
251,47.427619067166916,8.465376458130994,3043.0
252,47.427619067166916,8.472007751671995,3152.0
253,47.427619067166916,8.478639045212995,3574.0
254,47.427619067166916,8.485270338753995,3975.0
255,47.427619067166916,8.491901632294997,3579.0
256,47.427619067166916,8.498532925835997,3305.0
257,47.427619067166916,8.505164219376997,2706.0
258,47.427619067166916,8.511795512917999,2684.0
259,47.427619067166916,8.518426806458999,3147.0
260,47.427619067166916,8.525058099999999,3159.0
261,47.427619067166916,8.531689393541,2585.0
262,47.427619067166916,8.538320687082,3180.0
263,47.427619067166916,8.544951980623,2911.0
264,47.427619067166916,8.551583274164,2348.0
265,47.427619067166916,8.558214567705003,2010.0
266,47.427619067166916,8.564845861246003,2088.0
267,47.427619067166916,8.571477154787003,2480.0
268,47.427619067166916,8.578108448328004,2520.0
269,47.427619067166916,8.584739741869004,2809.0
270,47.427619067166916,8.591371035410004,2842.0
271,47.427619067166916,8.598002328951006,2604.0
272,47.427619067166916,8.604633622492006,2808.0
273,47.427619067166916,8.611264916033006,2428.0
274,47.427619067166916,8.617896209574008,2128.0
275,47.427619067166916,8.624527503115008,2354.0
276,47.427619067166916,8.631158796656008,3345.0
277,47.427619067166916,8.637790090197008,3468.0
278,47.427619067166916,8.64442138373801,3431.0
279,47.427619067166916,8.65105267727901,3700.0
280,47.42313649094071,8.392432229179988,2885.0
281,47.42313649094071,8.399063522720988,2869.0
282,47.42313649094071,8.40569481626199,3393.0
283,47.42313649094071,8.41232610980299,3174.0
284,47.42313649094071,8.41895740334399,3331.0
285,47.42313649094071,8.425588696884992,3588.0
286,47.42313649094071,8.432219990425992,3543.0
287,47.42313649094071,8.438851283966992,3263.0
288,47.42313649094071,8.445482577507992,4082.0
289,47.42313649094071,8.452113871048994,4448.0
290,47.42313649094071,8.458745164589994,4808.0
291,47.42313649094071,8.465376458130994,3682.0
292,47.42313649094071,8.472007751671995,3785.0
293,47.42313649094071,8.478639045212995,3484.0
294,47.42313649094071,8.485270338753995,3182.0
295,47.42313649094071,8.491901632294997,2840.0
296,47.42313649094071,8.498532925835997,2669.0
297,47.42313649094071,8.505164219376997,2343.0
298,47.42313649094071,8.511795512917999,2411.0
299,47.42313649094071,8.518426806458999,2767.0
300,47.42313649094071,8.525058099999999,2871.0
301,47.42313649094071,8.531689393541,2601.0
302,47.42313649094071,8.538320687082,2914.0
303,47.42313649094071,8.544951980623,2782.0
304,47.42313649094071,8.551583274164,2572.0
305,47.42313649094071,8.558214567705003,2675.0
306,47.42313649094071,8.564845861246003,2859.0
307,47.42313649094071,8.571477154787003,3166.0
308,47.42313649094071,8.578108448328004,2487.0
309,47.42313649094071,8.584739741869004,2691.0
310,47.42313649094071,8.591371035410004,2605.0
311,47.42313649094071,8.598002328951006,2303.0
312,47.42313649094071,8.604633622492006,2374.0
313,47.42313649094071,8.611264916033006,2214.0
314,47.42313649094071,8.617896209574008,1850.0
315,47.42313649094071,8.624527503115008,2087.0
316,47.42313649094071,8.631158796656008,2430.0
317,47.42313649094071,8.637790090197008,2789.0
318,47.42313649094071,8.64442138373801,3764.0
319,47.42313649094071,8.65105267727901,3659.0
320,47.418653914714504,8.392432229179988,2460.0
321,47.418653914714504,8.399063522720988,2365.0
322,47.418653914714504,8.40569481626199,3030.0
323,47.418653914714504,8.41232610980299,2972.0
324,47.418653914714504,8.41895740334399,3000.0
325,47.418653914714504,8.425588696884992,3012.0
326,47.418653914714504,8.432219990425992,2890.0
327,47.418653914714504,8.438851283966992,2928.0
328,47.418653914714504,8.445482577507992,3205.0
329,47.418653914714504,8.452113871048994,4035.0
330,47.418653914714504,8.458745164589994,4092.0
331,47.418653914714504,8.465376458130994,3599.0
332,47.418653914714504,8.472007751671995,3546.0
333,47.418653914714504,8.478639045212995,3129.0
334,47.418653914714504,8.485270338753995,3014.0
335,47.418653914714504,8.491901632294997,3350.0
336,47.418653914714504,8.498532925835997,2766.0
337,47.418653914714504,8.505164219376997,2486.0
338,47.418653914714504,8.511795512917999,2349.0
339,47.418653914714504,8.518426806458999,3068.0
340,47.418653914714504,8.525058099999999,2938.0
341,47.418653914714504,8.531689393541,3053.0
342,47.418653914714504,8.538320687082,1936.0
343,47.418653914714504,8.544951980623,2482.0
344,47.418653914714504,8.551583274164,2466.0
345,47.418653914714504,8.558214567705003,2574.0
346,47.418653914714504,8.564845861246003,2598.0
347,47.418653914714504,8.571477154787003,2768.0
348,47.418653914714504,8.578108448328004,2574.0
349,47.418653914714504,8.584739741869004,2275.0
350,47.418653914714504,8.591371035410004,2223.0
351,47.418653914714504,8.598002328951006,2172.0
352,47.418653914714504,8.604633622492006,2495.0
353,47.418653914714504,8.611264916033006,2109.0
354,47.418653914714504,8.617896209574008,1764.0
355,47.418653914714504,8.624527503115008,2004.0
356,47.418653914714504,8.631158796656008,2431.0
357,47.418653914714504,8.637790090197008,3455.0
358,47.418653914714504,8.64442138373801,3325.0
359,47.418653914714504,8.65105267727901,3249.0
360,47.414171338488295,8.392432229179988,2688.0
361,47.414171338488295,8.399063522720988,2240.0
362,47.414171338488295,8.40569481626199,2412.0
363,47.414171338488295,8.41232610980299,2879.0
364,47.414171338488295,8.41895740334399,3409.0
365,47.414171338488295,8.425588696884992,3441.0
366,47.414171338488295,8.432219990425992,3281.0
367,47.414171338488295,8.438851283966992,3773.0
368,47.414171338488295,8.445482577507992,3342.0
369,47.414171338488295,8.452113871048994,3356.0
370,47.414171338488295,8.458745164589994,3422.0
371,47.414171338488295,8.465376458130994,3345.0
372,47.414171338488295,8.472007751671995,2790.0
373,47.414171338488295,8.478639045212995,2604.0
374,47.414171338488295,8.485270338753995,2678.0
375,47.414171338488295,8.491901632294997,2973.0
376,47.414171338488295,8.498532925835997,2861.0
377,47.414171338488295,8.505164219376997,2767.0
378,47.414171338488295,8.511795512917999,2399.0
379,47.414171338488295,8.518426806458999,2230.0
380,47.414171338488295,8.525058099999999,1811.0
381,47.414171338488295,8.531689393541,1790.0
382,47.414171338488295,8.538320687082,1599.0
383,47.414171338488295,8.544951980623,1446.0
384,47.414171338488295,8.551583274164,2264.0
385,47.414171338488295,8.558214567705003,1912.0
386,47.414171338488295,8.564845861246003,2403.0
387,47.414171338488295,8.571477154787003,2831.0
388,47.414171338488295,8.578108448328004,2409.0
389,47.414171338488295,8.584739741869004,1957.0
390,47.414171338488295,8.591371035410004,1686.0
391,47.414171338488295,8.598002328951006,1991.0
392,47.414171338488295,8.604633622492006,2341.0
393,47.414171338488295,8.611264916033006,2239.0
394,47.414171338488295,8.617896209574008,2254.0
395,47.414171338488295,8.624527503115008,2332.0
396,47.414171338488295,8.631158796656008,2732.0
397,47.414171338488295,8.637790090197008,3130.0
398,47.414171338488295,8.64442138373801,2906.0
399,47.414171338488295,8.65105267727901,3189.0
400,47.409688762262086,8.392432229179988,2367.0
401,47.409688762262086,8.399063522720988,2064.0
402,47.409688762262086,8.40569481626199,1963.0
403,47.409688762262086,8.41232610980299,2206.0
404,47.409688762262086,8.41895740334399,2518.0
405,47.409688762262086,8.425588696884992,3550.0
406,47.409688762262086,8.432219990425992,4320.0
407,47.409688762262086,8.438851283966992,4033.0
408,47.409688762262086,8.445482577507992,3535.0
409,47.409688762262086,8.452113871048994,3556.0
410,47.409688762262086,8.458745164589994,3031.0
411,47.409688762262086,8.465376458130994,3054.0
412,47.409688762262086,8.472007751671995,3224.0
413,47.409688762262086,8.478639045212995,2698.0
414,47.409688762262086,8.485270338753995,2602.0
415,47.409688762262086,8.491901632294997,2826.0
416,47.409688762262086,8.498532925835997,2820.0
417,47.409688762262086,8.505164219376997,2887.0
418,47.409688762262086,8.511795512917999,2828.0
419,47.409688762262086,8.518426806458999,2660.0
420,47.409688762262086,8.525058099999999,2280.0
421,47.409688762262086,8.531689393541,2245.0
422,47.409688762262086,8.538320687082,1509.0
423,47.409688762262086,8.544951980623,1331.0
424,47.409688762262086,8.551583274164,1779.0
425,47.409688762262086,8.558214567705003,1773.0
426,47.409688762262086,8.564845861246003,2326.0
427,47.409688762262086,8.571477154787003,2558.0
428,47.409688762262086,8.578108448328004,2285.0
429,47.409688762262086,8.584739741869004,3189.0
430,47.409688762262086,8.591371035410004,1805.0
431,47.409688762262086,8.598002328951006,1949.0
432,47.409688762262086,8.604633622492006,2391.0
433,47.409688762262086,8.611264916033006,2573.0
434,47.409688762262086,8.617896209574008,2622.0
435,47.409688762262086,8.624527503115008,2790.0
436,47.409688762262086,8.631158796656008,2938.0
437,47.409688762262086,8.637790090197008,2896.0
438,47.409688762262086,8.64442138373801,2571.0
439,47.409688762262086,8.65105267727901,2972.0
440,47.405206186035876,8.392432229179988,2411.0
441,47.405206186035876,8.399063522720988,1957.0
442,47.405206186035876,8.40569481626199,1695.0
443,47.405206186035876,8.41232610980299,2199.0
444,47.405206186035876,8.41895740334399,4246.0
445,47.405206186035876,8.425588696884992,3675.0
446,47.405206186035876,8.432219990425992,4426.0
447,47.405206186035876,8.438851283966992,2872.0
448,47.405206186035876,8.445482577507992,2504.0
449,47.405206186035876,8.452113871048994,2521.0
450,47.405206186035876,8.458745164589994,3378.0
451,47.405206186035876,8.465376458130994,3327.0
452,47.405206186035876,8.472007751671995,2915.0
453,47.405206186035876,8.478639045212995,2461.0
454,47.405206186035876,8.485270338753995,2524.0
455,47.405206186035876,8.491901632294997,2325.0
456,47.405206186035876,8.498532925835997,2507.0
457,47.405206186035876,8.505164219376997,2411.0
458,47.405206186035876,8.511795512917999,2874.0
459,47.405206186035876,8.518426806458999,2915.0
460,47.405206186035876,8.525058099999999,2558.0
461,47.405206186035876,8.531689393541,2002.0
462,47.405206186035876,8.538320687082,1906.0
463,47.405206186035876,8.544951980623,2230.0
464,47.405206186035876,8.551583274164,2247.0
465,47.405206186035876,8.558214567705003,2110.0
466,47.405206186035876,8.564845861246003,2432.0
467,47.405206186035876,8.571477154787003,2062.0
468,47.405206186035876,8.578108448328004,2469.0
469,47.405206186035876,8.584739741869004,2709.0
470,47.405206186035876,8.591371035410004,2730.0
471,47.405206186035876,8.598002328951006,3055.0
472,47.405206186035876,8.604633622492006,2291.0
473,47.405206186035876,8.611264916033006,2652.0
474,47.405206186035876,8.617896209574008,2484.0
475,47.405206186035876,8.624527503115008,2334.0
476,47.405206186035876,8.631158796656008,2306.0
477,47.405206186035876,8.637790090197008,2552.0
478,47.405206186035876,8.64442138373801,2920.0
479,47.405206186035876,8.65105267727901,3012.0
480,47.40072360980967,8.392432229179988,2841.0
481,47.40072360980967,8.399063522720988,2163.0
482,47.40072360980967,8.40569481626199,2263.0
483,47.40072360980967,8.41232610980299,2621.0
484,47.40072360980967,8.41895740334399,2260.0
485,47.40072360980967,8.425588696884992,2366.0
486,47.40072360980967,8.432219990425992,2652.0
487,47.40072360980967,8.438851283966992,2450.0
488,47.40072360980967,8.445482577507992,2207.0
489,47.40072360980967,8.452113871048994,2206.0
490,47.40072360980967,8.458745164589994,2599.0
491,47.40072360980967,8.465376458130994,3216.0
492,47.40072360980967,8.472007751671995,2922.0
493,47.40072360980967,8.478639045212995,2923.0
494,47.40072360980967,8.485270338753995,2641.0
495,47.40072360980967,8.491901632294997,2258.0
496,47.40072360980967,8.498532925835997,2122.0
497,47.40072360980967,8.505164219376997,1900.0
498,47.40072360980967,8.511795512917999,2413.0
499,47.40072360980967,8.518426806458999,2354.0
500,47.40072360980967,8.525058099999999,2309.0
501,47.40072360980967,8.531689393541,2002.0
502,47.40072360980967,8.538320687082,2183.0
503,47.40072360980967,8.544951980623,2008.0
504,47.40072360980967,8.551583274164,1831.0
505,47.40072360980967,8.558214567705003,2415.0
506,47.40072360980967,8.564845861246003,2453.0
507,47.40072360980967,8.571477154787003,2480.0
508,47.40072360980967,8.578108448328004,2365.0
509,47.40072360980967,8.584739741869004,2349.0
510,47.40072360980967,8.591371035410004,2585.0
511,47.40072360980967,8.598002328951006,1765.0
512,47.40072360980967,8.604633622492006,2228.0
513,47.40072360980967,8.611264916033006,2404.0
514,47.40072360980967,8.617896209574008,2141.0
515,47.40072360980967,8.624527503115008,1810.0
516,47.40072360980967,8.631158796656008,2197.0
517,47.40072360980967,8.637790090197008,2970.0
518,47.40072360980967,8.64442138373801,3072.0
519,47.40072360980967,8.65105267727901,3401.0
520,47.39624103358346,8.392432229179988,3009.0
521,47.39624103358346,8.399063522720988,3389.0
522,47.39624103358346,8.40569481626199,3850.0
523,47.39624103358346,8.41232610980299,2630.0
524,47.39624103358346,8.41895740334399,2256.0
525,47.39624103358346,8.425588696884992,2382.0
526,47.39624103358346,8.432219990425992,2770.0
527,47.39624103358346,8.438851283966992,2895.0
528,47.39624103358346,8.445482577507992,2249.0
529,47.39624103358346,8.452113871048994,2371.0
530,47.39624103358346,8.458745164589994,2530.0
531,47.39624103358346,8.465376458130994,2419.0
532,47.39624103358346,8.472007751671995,2990.0
533,47.39624103358346,8.478639045212995,2760.0
534,47.39624103358346,8.485270338753995,2040.0
535,47.39624103358346,8.491901632294997,2221.0
536,47.39624103358346,8.498532925835997,2134.0
537,47.39624103358346,8.505164219376997,2016.0
538,47.39624103358346,8.511795512917999,1763.0
539,47.39624103358346,8.518426806458999,1745.0
540,47.39624103358346,8.525058099999999,1795.0
541,47.39624103358346,8.531689393541,1730.0
542,47.39624103358346,8.538320687082,1693.0
543,47.39624103358346,8.544951980623,1837.0
544,47.39624103358346,8.551583274164,2286.0
545,47.39624103358346,8.558214567705003,2646.0
546,47.39624103358346,8.564845861246003,3074.0
547,47.39624103358346,8.571477154787003,3086.0
548,47.39624103358346,8.578108448328004,2938.0
549,47.39624103358346,8.584739741869004,2708.0
550,47.39624103358346,8.591371035410004,2706.0
551,47.39624103358346,8.598002328951006,2526.0
552,47.39624103358346,8.604633622492006,2009.0
553,47.39624103358346,8.611264916033006,2082.0
554,47.39624103358346,8.617896209574008,2262.0
555,47.39624103358346,8.624527503115008,2211.0
556,47.39624103358346,8.631158796656008,2454.0
557,47.39624103358346,8.637790090197008,2923.0
558,47.39624103358346,8.64442138373801,2546.0
559,47.39624103358346,8.65105267727901,2827.0
560,47.39175845735725,8.392432229179988,3073.0
561,47.39175845735725,8.399063522720988,3279.0
562,47.39175845735725,8.40569481626199,3795.0
563,47.39175845735725,8.41232610980299,2956.0
564,47.39175845735725,8.41895740334399,2723.0
565,47.39175845735725,8.425588696884992,2458.0
566,47.39175845735725,8.432219990425992,2174.0
567,47.39175845735725,8.438851283966992,2000.0
568,47.39175845735725,8.445482577507992,2365.0
569,47.39175845735725,8.452113871048994,2802.0
570,47.39175845735725,8.458745164589994,2254.0
571,47.39175845735725,8.465376458130994,1934.0
572,47.39175845735725,8.472007751671995,1982.0
573,47.39175845735725,8.478639045212995,1912.0
574,47.39175845735725,8.485270338753995,2017.0
575,47.39175845735725,8.491901632294997,1535.0
576,47.39175845735725,8.498532925835997,2226.0
577,47.39175845735725,8.505164219376997,1951.0
578,47.39175845735725,8.511795512917999,1766.0
579,47.39175845735725,8.518426806458999,1671.0
580,47.39175845735725,8.525058099999999,1613.0
581,47.39175845735725,8.531689393541,1707.0
582,47.39175845735725,8.538320687082,1529.0
583,47.39175845735725,8.544951980623,1815.0
584,47.39175845735725,8.551583274164,2189.0
585,47.39175845735725,8.558214567705003,2718.0
586,47.39175845735725,8.564845861246003,2989.0
587,47.39175845735725,8.571477154787003,3466.0
588,47.39175845735725,8.578108448328004,3527.0
589,47.39175845735725,8.584739741869004,3229.0
590,47.39175845735725,8.591371035410004,3026.0
591,47.39175845735725,8.598002328951006,2873.0
592,47.39175845735725,8.604633622492006,3215.0
593,47.39175845735725,8.611264916033006,2275.0
594,47.39175845735725,8.617896209574008,2406.0
595,47.39175845735725,8.624527503115008,2639.0
596,47.39175845735725,8.631158796656008,2442.0
597,47.39175845735725,8.637790090197008,2515.0
598,47.39175845735725,8.64442138373801,2638.0
599,47.39175845735725,8.65105267727901,2729.0
600,47.38727588113104,8.392432229179988,3465.0
601,47.38727588113104,8.399063522720988,3707.0
602,47.38727588113104,8.40569481626199,3988.0
603,47.38727588113104,8.41232610980299,3114.0
604,47.38727588113104,8.41895740334399,2548.0
605,47.38727588113104,8.425588696884992,2537.0
606,47.38727588113104,8.432219990425992,2069.0
607,47.38727588113104,8.438851283966992,2487.0
608,47.38727588113104,8.445482577507992,3397.0
609,47.38727588113104,8.452113871048994,3102.0
610,47.38727588113104,8.458745164589994,3070.0
611,47.38727588113104,8.465376458130994,1962.0
612,47.38727588113104,8.472007751671995,1537.0
613,47.38727588113104,8.478639045212995,1719.0
614,47.38727588113104,8.485270338753995,1835.0
615,47.38727588113104,8.491901632294997,1821.0
616,47.38727588113104,8.498532925835997,1980.0
617,47.38727588113104,8.505164219376997,1972.0
618,47.38727588113104,8.511795512917999,1746.0
619,47.38727588113104,8.518426806458999,1504.0
620,47.38727588113104,8.525058099999999,1528.0
621,47.38727588113104,8.531689393541,1730.0
622,47.38727588113104,8.538320687082,1723.0
623,47.38727588113104,8.544951980623,1709.0
624,47.38727588113104,8.551583274164,1972.0
625,47.38727588113104,8.558214567705003,2732.0
626,47.38727588113104,8.564845861246003,2823.0
627,47.38727588113104,8.571477154787003,2796.0
628,47.38727588113104,8.578108448328004,2869.0
629,47.38727588113104,8.584739741869004,2549.0
630,47.38727588113104,8.591371035410004,2569.0
631,47.38727588113104,8.598002328951006,2649.0
632,47.38727588113104,8.604633622492006,2724.0
633,47.38727588113104,8.611264916033006,2530.0
634,47.38727588113104,8.617896209574008,2256.0
635,47.38727588113104,8.624527503115008,2746.0
636,47.38727588113104,8.631158796656008,2570.0
637,47.38727588113104,8.637790090197008,2842.0
638,47.38727588113104,8.64442138373801,2938.0
639,47.38727588113104,8.65105267727901,2473.0
640,47.38279330490483,8.392432229179988,3835.0
641,47.38279330490483,8.399063522720988,3562.0
642,47.38279330490483,8.40569481626199,4147.0
643,47.38279330490483,8.41232610980299,4666.0
644,47.38279330490483,8.41895740334399,2693.0
645,47.38279330490483,8.425588696884992,2251.0
646,47.38279330490483,8.432219990425992,2094.0
647,47.38279330490483,8.438851283966992,2555.0
648,47.38279330490483,8.445482577507992,3198.0
649,47.38279330490483,8.452113871048994,3028.0
650,47.38279330490483,8.458745164589994,2961.0
651,47.38279330490483,8.465376458130994,2308.0
652,47.38279330490483,8.472007751671995,1881.0
653,47.38279330490483,8.478639045212995,1682.0
654,47.38279330490483,8.485270338753995,1475.0
655,47.38279330490483,8.491901632294997,1515.0
656,47.38279330490483,8.498532925835997,1564.0
657,47.38279330490483,8.505164219376997,1564.0
658,47.38279330490483,8.511795512917999,1376.0
659,47.38279330490483,8.518426806458999,1499.0
660,47.38279330490483,8.525058099999999,1650.0
661,47.38279330490483,8.531689393541,1422.0
662,47.38279330490483,8.538320687082,1427.0
663,47.38279330490483,8.544951980623,1527.0
664,47.38279330490483,8.551583274164,1740.0
665,47.38279330490483,8.558214567705003,1902.0
666,47.38279330490483,8.564845861246003,2447.0
667,47.38279330490483,8.571477154787003,2154.0
668,47.38279330490483,8.578108448328004,2653.0
669,47.38279330490483,8.584739741869004,2117.0
670,47.38279330490483,8.591371035410004,2359.0
671,47.38279330490483,8.598002328951006,2309.0
672,47.38279330490483,8.604633622492006,2625.0
673,47.38279330490483,8.611264916033006,2956.0
674,47.38279330490483,8.617896209574008,2957.0
675,47.38279330490483,8.624527503115008,3051.0
676,47.38279330490483,8.631158796656008,3012.0
677,47.38279330490483,8.637790090197008,3180.0
678,47.38279330490483,8.64442138373801,2954.0
679,47.38279330490483,8.65105267727901,2406.0
680,47.37831072867862,8.392432229179988,3898.0
681,47.37831072867862,8.399063522720988,3830.0
682,47.37831072867862,8.40569481626199,4352.0
683,47.37831072867862,8.41232610980299,3798.0
684,47.37831072867862,8.41895740334399,2989.0
685,47.37831072867862,8.425588696884992,2573.0
686,47.37831072867862,8.432219990425992,2013.0
687,47.37831072867862,8.438851283966992,2322.0
688,47.37831072867862,8.445482577507992,2270.0
689,47.37831072867862,8.452113871048994,2636.0
690,47.37831072867862,8.458745164589994,2335.0
691,47.37831072867862,8.465376458130994,2934.0
692,47.37831072867862,8.472007751671995,2279.0
693,47.37831072867862,8.478639045212995,1723.0
694,47.37831072867862,8.485270338753995,1493.0
695,47.37831072867862,8.491901632294997,1530.0
696,47.37831072867862,8.498532925835997,1465.0
697,47.37831072867862,8.505164219376997,1347.0
698,47.37831072867862,8.511795512917999,1138.0
699,47.37831072867862,8.518426806458999,1466.0
700,47.37831072867862,8.525058099999999,1159.0
701,47.37831072867862,8.531689393541,1380.0
702,47.37831072867862,8.538320687082,659.0
703,47.37831072867862,8.544951980623,1295.0
704,47.37831072867862,8.551583274164,1493.0
705,47.37831072867862,8.558214567705003,1630.0
706,47.37831072867862,8.564845861246003,1961.0
707,47.37831072867862,8.571477154787003,2204.0
708,47.37831072867862,8.578108448328004,2570.0
709,47.37831072867862,8.584739741869004,3196.0
710,47.37831072867862,8.591371035410004,2654.0
711,47.37831072867862,8.598002328951006,2558.0
712,47.37831072867862,8.604633622492006,2712.0
713,47.37831072867862,8.611264916033006,3322.0
714,47.37831072867862,8.617896209574008,3331.0
715,47.37831072867862,8.624527503115008,2964.0
716,47.37831072867862,8.631158796656008,2757.0
717,47.37831072867862,8.637790090197008,2824.0
718,47.37831072867862,8.64442138373801,3050.0
719,47.37831072867862,8.65105267727901,2754.0
720,47.37382815245241,8.392432229179988,3569.0
721,47.37382815245241,8.399063522720988,4254.0
722,47.37382815245241,8.40569481626199,4572.0
723,47.37382815245241,8.41232610980299,4163.0
724,47.37382815245241,8.41895740334399,3093.0
725,47.37382815245241,8.425588696884992,2699.0
726,47.37382815245241,8.432219990425992,2443.0
727,47.37382815245241,8.438851283966992,2791.0
728,47.37382815245241,8.445482577507992,2375.0
729,47.37382815245241,8.452113871048994,2278.0
730,47.37382815245241,8.458745164589994,1991.0
731,47.37382815245241,8.465376458130994,2105.0
732,47.37382815245241,8.472007751671995,1964.0
733,47.37382815245241,8.478639045212995,1723.0
734,47.37382815245241,8.485270338753995,1433.0
735,47.37382815245241,8.491901632294997,1318.0
736,47.37382815245241,8.498532925835997,1107.0
737,47.37382815245241,8.505164219376997,1125.0
738,47.37382815245241,8.511795512917999,1049.0
739,47.37382815245241,8.518426806458999,1097.0
740,47.37382815245241,8.525058099999999,1034.0
741,47.37382815245241,8.531689393541,813.0
742,47.37382815245241,8.538320687082,750.0
743,47.37382815245241,8.544951980623,1173.0
744,47.37382815245241,8.551583274164,1180.0
745,47.37382815245241,8.558214567705003,1640.0
746,47.37382815245241,8.564845861246003,2038.0
747,47.37382815245241,8.571477154787003,2366.0
748,47.37382815245241,8.578108448328004,2185.0
749,47.37382815245241,8.584739741869004,2555.0
750,47.37382815245241,8.591371035410004,2989.0
751,47.37382815245241,8.598002328951006,3187.0
752,47.37382815245241,8.604633622492006,3093.0
753,47.37382815245241,8.611264916033006,3413.0
754,47.37382815245241,8.617896209574008,3912.0
755,47.37382815245241,8.624527503115008,2891.0
756,47.37382815245241,8.631158796656008,2456.0
757,47.37382815245241,8.637790090197008,2527.0
758,47.37382815245241,8.64442138373801,3038.0
759,47.37382815245241,8.65105267727901,3173.0
760,47.36934557622621,8.392432229179988,3911.0
761,47.36934557622621,8.399063522720988,4230.0
762,47.36934557622621,8.40569481626199,5569.0
763,47.36934557622621,8.41232610980299,4758.0
764,47.36934557622621,8.41895740334399,3449.0
765,47.36934557622621,8.425588696884992,3087.0
766,47.36934557622621,8.432219990425992,3395.0
767,47.36934557622621,8.438851283966992,2733.0
768,47.36934557622621,8.445482577507992,2099.0
769,47.36934557622621,8.452113871048994,1961.0
770,47.36934557622621,8.458745164589994,1612.0
771,47.36934557622621,8.465376458130994,1411.0
772,47.36934557622621,8.472007751671995,1846.0
773,47.36934557622621,8.478639045212995,1693.0
774,47.36934557622621,8.485270338753995,1373.0
775,47.36934557622621,8.491901632294997,1363.0
776,47.36934557622621,8.498532925835997,1477.0
777,47.36934557622621,8.505164219376997,983.0
778,47.36934557622621,8.511795512917999,930.0
779,47.36934557622621,8.518426806458999,777.0
780,47.36934557622621,8.525058099999999,559.0
781,47.36934557622621,8.531689393541,362.0
782,47.36934557622621,8.538320687082,673.0
783,47.36934557622621,8.544951980623,987.0
784,47.36934557622621,8.551583274164,1166.0
785,47.36934557622621,8.558214567705003,1531.0
786,47.36934557622621,8.564845861246003,1691.0
787,47.36934557622621,8.571477154787003,2181.0
788,47.36934557622621,8.578108448328004,2434.0
789,47.36934557622621,8.584739741869004,2733.0
790,47.36934557622621,8.591371035410004,3001.0
791,47.36934557622621,8.598002328951006,3358.0
792,47.36934557622621,8.604633622492006,3232.0
793,47.36934557622621,8.611264916033006,3512.0
794,47.36934557622621,8.617896209574008,3496.0
795,47.36934557622621,8.624527503115008,2818.0
796,47.36934557622621,8.631158796656008,2878.0
797,47.36934557622621,8.637790090197008,2715.0
798,47.36934557622621,8.64442138373801,2769.0
799,47.36934557622621,8.65105267727901,3252.0
800,47.364863,8.392432229179988,4063.0
801,47.364863,8.399063522720988,4435.0
802,47.364863,8.40569481626199,5000.0
803,47.364863,8.41232610980299,4803.0
804,47.364863,8.41895740334399,4462.0
805,47.364863,8.425588696884992,3644.0
806,47.364863,8.432219990425992,2952.0
807,47.364863,8.438851283966992,2727.0
808,47.364863,8.445482577507992,2200.0
809,47.364863,8.452113871048994,2242.0
810,47.364863,8.458745164589994,1681.0
811,47.364863,8.465376458130994,1581.0
812,47.364863,8.472007751671995,1936.0
813,47.364863,8.478639045212995,2402.0
814,47.364863,8.485270338753995,2243.0
815,47.364863,8.491901632294997,1100.0
816,47.364863,8.498532925835997,1048.0
817,47.364863,8.505164219376997,911.0
818,47.364863,8.511795512917999,1058.0
819,47.364863,8.518426806458999,870.0
820,47.364863,8.525058099999999,0.0
821,47.364863,8.531689393541,527.0
822,47.364863,8.538320687082,795.0
823,47.364863,8.544951980623,1049.0
824,47.364863,8.551583274164,1305.0
825,47.364863,8.558214567705003,1410.0
826,47.364863,8.564845861246003,1525.0
827,47.364863,8.571477154787003,1835.0
828,47.364863,8.578108448328004,2191.0
829,47.364863,8.584739741869004,2720.0
830,47.364863,8.591371035410004,2624.0
831,47.364863,8.598002328951006,2696.0
832,47.364863,8.604633622492006,2947.0
833,47.364863,8.611264916033006,2815.0
834,47.364863,8.617896209574008,2753.0
835,47.364863,8.624527503115008,2849.0
836,47.364863,8.631158796656008,3190.0
837,47.364863,8.637790090197008,3499.0
838,47.364863,8.64442138373801,3294.0
839,47.364863,8.65105267727901,3323.0
840,47.36038042377379,8.392432229179988,4202.0
841,47.36038042377379,8.399063522720988,5000.0
842,47.36038042377379,8.40569481626199,5000.0
843,47.36038042377379,8.41232610980299,5782.0
844,47.36038042377379,8.41895740334399,3510.0
845,47.36038042377379,8.425588696884992,2948.0
846,47.36038042377379,8.432219990425992,2512.0
847,47.36038042377379,8.438851283966992,2444.0
848,47.36038042377379,8.445482577507992,1990.0
849,47.36038042377379,8.452113871048994,1741.0
850,47.36038042377379,8.458745164589994,1637.0
851,47.36038042377379,8.465376458130994,1546.0
852,47.36038042377379,8.472007751671995,1872.0
853,47.36038042377379,8.478639045212995,1413.0
854,47.36038042377379,8.485270338753995,1824.0
855,47.36038042377379,8.491901632294997,1811.0
856,47.36038042377379,8.498532925835997,1386.0
857,47.36038042377379,8.505164219376997,1179.0
858,47.36038042377379,8.511795512917999,961.0
859,47.36038042377379,8.518426806458999,742.0
860,47.36038042377379,8.525058099999999,496.0
861,47.36038042377379,8.531689393541,626.0
862,47.36038042377379,8.538320687082,885.0
863,47.36038042377379,8.544951980623,1409.0
864,47.36038042377379,8.551583274164,1529.0
865,47.36038042377379,8.558214567705003,1643.0
866,47.36038042377379,8.564845861246003,1483.0
867,47.36038042377379,8.571477154787003,1832.0
868,47.36038042377379,8.578108448328004,2037.0
869,47.36038042377379,8.584739741869004,2211.0
870,47.36038042377379,8.591371035410004,2292.0
871,47.36038042377379,8.598002328951006,2394.0
872,47.36038042377379,8.604633622492006,2822.0
873,47.36038042377379,8.611264916033006,3150.0
874,47.36038042377379,8.617896209574008,2847.0
875,47.36038042377379,8.624527503115008,2620.0
876,47.36038042377379,8.631158796656008,2757.0
877,47.36038042377379,8.637790090197008,2979.0
878,47.36038042377379,8.64442138373801,3384.0
879,47.36038042377379,8.65105267727901,4625.0
880,47.35589784754758,8.392432229179988,5000.0
881,47.35589784754758,8.399063522720988,5000.0
882,47.35589784754758,8.40569481626199,5063.0
883,47.35589784754758,8.41232610980299,4200.0
884,47.35589784754758,8.41895740334399,3872.0
885,47.35589784754758,8.425588696884992,2827.0
886,47.35589784754758,8.432219990425992,2546.0
887,47.35589784754758,8.438851283966992,2491.0
888,47.35589784754758,8.445482577507992,2628.0
889,47.35589784754758,8.452113871048994,2403.0
890,47.35589784754758,8.458745164589994,1822.0
891,47.35589784754758,8.465376458130994,1869.0
892,47.35589784754758,8.472007751671995,2399.0
893,47.35589784754758,8.478639045212995,1764.0
894,47.35589784754758,8.485270338753995,2216.0
895,47.35589784754758,8.491901632294997,2177.0
896,47.35589784754758,8.498532925835997,2073.0
897,47.35589784754758,8.505164219376997,1261.0
898,47.35589784754758,8.511795512917999,851.0
899,47.35589784754758,8.518426806458999,821.0
900,47.35589784754758,8.525058099999999,783.0
901,47.35589784754758,8.531689393541,745.0
902,47.35589784754758,8.538320687082,1073.0
903,47.35589784754758,8.544951980623,1626.0
904,47.35589784754758,8.551583274164,1836.0
905,47.35589784754758,8.558214567705003,1747.0
906,47.35589784754758,8.564845861246003,2365.0
907,47.35589784754758,8.571477154787003,1989.0
908,47.35589784754758,8.578108448328004,1953.0
909,47.35589784754758,8.584739741869004,2233.0
910,47.35589784754758,8.591371035410004,2418.0
911,47.35589784754758,8.598002328951006,2425.0
912,47.35589784754758,8.604633622492006,2520.0
913,47.35589784754758,8.611264916033006,2879.0
914,47.35589784754758,8.617896209574008,3221.0
915,47.35589784754758,8.624527503115008,2780.0
916,47.35589784754758,8.631158796656008,2823.0
917,47.35589784754758,8.637790090197008,3215.0
918,47.35589784754758,8.64442138373801,3426.0
919,47.35589784754758,8.65105267727901,3552.0
920,47.35141527132137,8.392432229179988,2957.0
921,47.35141527132137,8.399063522720988,3119.0
922,47.35141527132137,8.40569481626199,2536.0
923,47.35141527132137,8.41232610980299,3323.0
924,47.35141527132137,8.41895740334399,3437.0
925,47.35141527132137,8.425588696884992,3462.0
926,47.35141527132137,8.432219990425992,2477.0
927,47.35141527132137,8.438851283966992,2455.0
928,47.35141527132137,8.445482577507992,3056.0
929,47.35141527132137,8.452113871048994,2530.0
930,47.35141527132137,8.458745164589994,2101.0
931,47.35141527132137,8.465376458130994,2017.0
932,47.35141527132137,8.472007751671995,2071.0
933,47.35141527132137,8.478639045212995,1910.0
934,47.35141527132137,8.485270338753995,1682.0
935,47.35141527132137,8.491901632294997,2208.0
936,47.35141527132137,8.498532925835997,1734.0
937,47.35141527132137,8.505164219376997,1310.0
938,47.35141527132137,8.511795512917999,952.0
939,47.35141527132137,8.518426806458999,1166.0
940,47.35141527132137,8.525058099999999,812.0
941,47.35141527132137,8.531689393541,764.0
942,47.35141527132137,8.538320687082,1162.0
943,47.35141527132137,8.544951980623,2106.0
944,47.35141527132137,8.551583274164,2042.0
945,47.35141527132137,8.558214567705003,2161.0
946,47.35141527132137,8.564845861246003,2200.0
947,47.35141527132137,8.571477154787003,2062.0
948,47.35141527132137,8.578108448328004,1982.0
949,47.35141527132137,8.584739741869004,1989.0
950,47.35141527132137,8.591371035410004,2412.0
951,47.35141527132137,8.598002328951006,2980.0
952,47.35141527132137,8.604633622492006,2768.0
953,47.35141527132137,8.611264916033006,2894.0
954,47.35141527132137,8.617896209574008,2946.0
955,47.35141527132137,8.624527503115008,3175.0
956,47.35141527132137,8.631158796656008,3342.0
957,47.35141527132137,8.637790090197008,2990.0
958,47.35141527132137,8.64442138373801,2965.0
959,47.35141527132137,8.65105267727901,3843.0
960,47.34693269509516,8.392432229179988,2704.0
961,47.34693269509516,8.399063522720988,2290.0
962,47.34693269509516,8.40569481626199,2023.0
963,47.34693269509516,8.41232610980299,2617.0
964,47.34693269509516,8.41895740334399,2840.0
965,47.34693269509516,8.425588696884992,3023.0
966,47.34693269509516,8.432219990425992,3098.0
967,47.34693269509516,8.438851283966992,2696.0
968,47.34693269509516,8.445482577507992,2963.0
969,47.34693269509516,8.452113871048994,3087.0
970,47.34693269509516,8.458745164589994,2419.0
971,47.34693269509516,8.465376458130994,2085.0
972,47.34693269509516,8.472007751671995,2370.0
973,47.34693269509516,8.478639045212995,1845.0
974,47.34693269509516,8.485270338753995,2188.0
975,47.34693269509516,8.491901632294997,2613.0
976,47.34693269509516,8.498532925835997,2003.0
977,47.34693269509516,8.505164219376997,1946.0
978,47.34693269509516,8.511795512917999,1383.0
979,47.34693269509516,8.518426806458999,1438.0
980,47.34693269509516,8.525058099999999,921.0
981,47.34693269509516,8.531689393541,907.0
982,47.34693269509516,8.538320687082,1217.0
983,47.34693269509516,8.544951980623,1172.0
984,47.34693269509516,8.551583274164,2060.0
985,47.34693269509516,8.558214567705003,2024.0
986,47.34693269509516,8.564845861246003,2079.0
987,47.34693269509516,8.571477154787003,2149.0
988,47.34693269509516,8.578108448328004,2352.0
989,47.34693269509516,8.584739741869004,2279.0
990,47.34693269509516,8.591371035410004,2139.0
991,47.34693269509516,8.598002328951006,2356.0
992,47.34693269509516,8.604633622492006,2281.0
993,47.34693269509516,8.611264916033006,2696.0
994,47.34693269509516,8.617896209574008,2913.0
995,47.34693269509516,8.624527503115008,3066.0
996,47.34693269509516,8.631158796656008,3512.0
997,47.34693269509516,8.637790090197008,3251.0
998,47.34693269509516,8.64442138373801,3723.0
999,47.34693269509516,8.65105267727901,3500.0
1000,47.34245011886895,8.392432229179988,1912.0
1001,47.34245011886895,8.399063522720988,1830.0
1002,47.34245011886895,8.40569481626199,1895.0
1003,47.34245011886895,8.41232610980299,2396.0
1004,47.34245011886895,8.41895740334399,3097.0
1005,47.34245011886895,8.425588696884992,3426.0
1006,47.34245011886895,8.432219990425992,3419.0
1007,47.34245011886895,8.438851283966992,2900.0
1008,47.34245011886895,8.445482577507992,3158.0
1009,47.34245011886895,8.452113871048994,3389.0
1010,47.34245011886895,8.458745164589994,3133.0
1011,47.34245011886895,8.465376458130994,2433.0
1012,47.34245011886895,8.472007751671995,2036.0
1013,47.34245011886895,8.478639045212995,2432.0
1014,47.34245011886895,8.485270338753995,2039.0
1015,47.34245011886895,8.491901632294997,2339.0
1016,47.34245011886895,8.498532925835997,2821.0
1017,47.34245011886895,8.505164219376997,2582.0
1018,47.34245011886895,8.511795512917999,1764.0
1019,47.34245011886895,8.518426806458999,1522.0
1020,47.34245011886895,8.525058099999999,1173.0
1021,47.34245011886895,8.531689393541,774.0
1022,47.34245011886895,8.538320687082,1400.0
1023,47.34245011886895,8.544951980623,1470.0
1024,47.34245011886895,8.551583274164,1455.0
1025,47.34245011886895,8.558214567705003,2200.0
1026,47.34245011886895,8.564845861246003,2531.0
1027,47.34245011886895,8.571477154787003,2206.0
1028,47.34245011886895,8.578108448328004,2509.0
1029,47.34245011886895,8.584739741869004,2523.0
1030,47.34245011886895,8.591371035410004,2810.0
1031,47.34245011886895,8.598002328951006,2593.0
1032,47.34245011886895,8.604633622492006,2376.0
1033,47.34245011886895,8.611264916033006,2627.0
1034,47.34245011886895,8.617896209574008,2872.0
1035,47.34245011886895,8.624527503115008,2930.0
1036,47.34245011886895,8.631158796656008,3310.0
1037,47.34245011886895,8.637790090197008,3696.0
1038,47.34245011886895,8.64442138373801,3549.0
1039,47.34245011886895,8.65105267727901,3147.0
1040,47.337967542642744,8.392432229179988,2147.0
1041,47.337967542642744,8.399063522720988,1974.0
1042,47.337967542642744,8.40569481626199,2228.0
1043,47.337967542642744,8.41232610980299,2606.0
1044,47.337967542642744,8.41895740334399,3770.0
1045,47.337967542642744,8.425588696884992,3465.0
1046,47.337967542642744,8.432219990425992,3193.0
1047,47.337967542642744,8.438851283966992,2548.0
1048,47.337967542642744,8.445482577507992,3056.0
1049,47.337967542642744,8.452113871048994,3362.0
1050,47.337967542642744,8.458745164589994,2677.0
1051,47.337967542642744,8.465376458130994,2182.0
1052,47.337967542642744,8.472007751671995,1876.0
1053,47.337967542642744,8.478639045212995,2126.0
1054,47.337967542642744,8.485270338753995,1848.0
1055,47.337967542642744,8.491901632294997,2336.0
1056,47.337967542642744,8.498532925835997,4245.0
1057,47.337967542642744,8.505164219376997,2576.0
1058,47.337967542642744,8.511795512917999,1776.0
1059,47.337967542642744,8.518426806458999,1611.0
1060,47.337967542642744,8.525058099999999,1202.0
1061,47.337967542642744,8.531689393541,903.0
1062,47.337967542642744,8.538320687082,1241.0
1063,47.337967542642744,8.544951980623,1440.0
1064,47.337967542642744,8.551583274164,1440.0
1065,47.337967542642744,8.558214567705003,1676.0
1066,47.337967542642744,8.564845861246003,1698.0
1067,47.337967542642744,8.571477154787003,2381.0
1068,47.337967542642744,8.578108448328004,2467.0
1069,47.337967542642744,8.584739741869004,2810.0
1070,47.337967542642744,8.591371035410004,3243.0
1071,47.337967542642744,8.598002328951006,2958.0
1072,47.337967542642744,8.604633622492006,2774.0
1073,47.337967542642744,8.611264916033006,2825.0
1074,47.337967542642744,8.617896209574008,2335.0
1075,47.337967542642744,8.624527503115008,2714.0
1076,47.337967542642744,8.631158796656008,3031.0
1077,47.337967542642744,8.637790090197008,3682.0
1078,47.337967542642744,8.64442138373801,3584.0
1079,47.337967542642744,8.65105267727901,3438.0
1080,47.333484966416535,8.392432229179988,2245.0
1081,47.333484966416535,8.399063522720988,2487.0
1082,47.333484966416535,8.40569481626199,2664.0
1083,47.333484966416535,8.41232610980299,2734.0
1084,47.333484966416535,8.41895740334399,3757.0
1085,47.333484966416535,8.425588696884992,3420.0
1086,47.333484966416535,8.432219990425992,2933.0
1087,47.333484966416535,8.438851283966992,2928.0
1088,47.333484966416535,8.445482577507992,3324.0
1089,47.333484966416535,8.452113871048994,4880.0
1090,47.333484966416535,8.458745164589994,2489.0
1091,47.333484966416535,8.465376458130994,2192.0
1092,47.333484966416535,8.472007751671995,1643.0
1093,47.333484966416535,8.478639045212995,1802.0
1094,47.333484966416535,8.485270338753995,2407.0
1095,47.333484966416535,8.491901632294997,2120.0
1096,47.333484966416535,8.498532925835997,3623.0
1097,47.333484966416535,8.505164219376997,3071.0
1098,47.333484966416535,8.511795512917999,1401.0
1099,47.333484966416535,8.518426806458999,856.0
1100,47.333484966416535,8.525058099999999,1395.0
1101,47.333484966416535,8.531689393541,1094.0
1102,47.333484966416535,8.538320687082,1237.0
1103,47.333484966416535,8.544951980623,1570.0
1104,47.333484966416535,8.551583274164,1630.0
1105,47.333484966416535,8.558214567705003,1645.0
1106,47.333484966416535,8.564845861246003,1673.0
1107,47.333484966416535,8.571477154787003,1873.0
1108,47.333484966416535,8.578108448328004,2380.0
1109,47.333484966416535,8.584739741869004,2720.0
1110,47.333484966416535,8.591371035410004,3200.0
1111,47.333484966416535,8.598002328951006,3522.0
1112,47.333484966416535,8.604633622492006,3456.0
1113,47.333484966416535,8.611264916033006,2852.0
1114,47.333484966416535,8.617896209574008,2629.0
1115,47.333484966416535,8.624527503115008,2621.0
1116,47.333484966416535,8.631158796656008,2906.0
1117,47.333484966416535,8.637790090197008,3021.0
1118,47.333484966416535,8.64442138373801,3264.0
1119,47.333484966416535,8.65105267727901,3409.0
1120,47.329002390190325,8.392432229179988,2546.0
1121,47.329002390190325,8.399063522720988,2814.0
1122,47.329002390190325,8.40569481626199,3093.0
1123,47.329002390190325,8.41232610980299,4306.0
1124,47.329002390190325,8.41895740334399,4027.0
1125,47.329002390190325,8.425588696884992,3815.0
1126,47.329002390190325,8.432219990425992,3106.0
1127,47.329002390190325,8.438851283966992,3195.0
1128,47.329002390190325,8.445482577507992,3722.0
1129,47.329002390190325,8.452113871048994,3871.0
1130,47.329002390190325,8.458745164589994,3199.0
1131,47.329002390190325,8.465376458130994,2554.0
1132,47.329002390190325,8.472007751671995,1776.0
1133,47.329002390190325,8.478639045212995,2185.0
1134,47.329002390190325,8.485270338753995,2688.0
1135,47.329002390190325,8.491901632294997,2358.0
1136,47.329002390190325,8.498532925835997,3696.0
1137,47.329002390190325,8.505164219376997,2518.0
1138,47.329002390190325,8.511795512917999,1403.0
1139,47.329002390190325,8.518426806458999,1277.0
1140,47.329002390190325,8.525058099999999,1647.0
1141,47.329002390190325,8.531689393541,1390.0
1142,47.329002390190325,8.538320687082,1320.0
1143,47.329002390190325,8.544951980623,1398.0
1144,47.329002390190325,8.551583274164,1245.0
1145,47.329002390190325,8.558214567705003,1178.0
1146,47.329002390190325,8.564845861246003,1954.0
1147,47.329002390190325,8.571477154787003,1771.0
1148,47.329002390190325,8.578108448328004,2607.0
1149,47.329002390190325,8.584739741869004,2650.0
1150,47.329002390190325,8.591371035410004,3075.0
1151,47.329002390190325,8.598002328951006,3122.0
1152,47.329002390190325,8.604633622492006,3042.0
1153,47.329002390190325,8.611264916033006,3248.0
1154,47.329002390190325,8.617896209574008,3197.0
1155,47.329002390190325,8.624527503115008,2699.0
1156,47.329002390190325,8.631158796656008,2511.0
1157,47.329002390190325,8.637790090197008,2784.0
1158,47.329002390190325,8.64442138373801,3222.0
1159,47.329002390190325,8.65105267727901,3434.0
1160,47.324519813964116,8.392432229179988,4251.0
1161,47.324519813964116,8.399063522720988,4689.0
1162,47.324519813964116,8.40569481626199,4383.0
1163,47.324519813964116,8.41232610980299,3581.0
1164,47.324519813964116,8.41895740334399,3361.0
1165,47.324519813964116,8.425588696884992,3490.0
1166,47.324519813964116,8.432219990425992,3562.0
1167,47.324519813964116,8.438851283966992,3181.0
1168,47.324519813964116,8.445482577507992,3303.0
1169,47.324519813964116,8.452113871048994,3689.0
1170,47.324519813964116,8.458745164589994,2769.0
1171,47.324519813964116,8.465376458130994,2438.0
1172,47.324519813964116,8.472007751671995,1896.0
1173,47.324519813964116,8.478639045212995,2725.0
1174,47.324519813964116,8.485270338753995,2416.0
1175,47.324519813964116,8.491901632294997,2233.0
1176,47.324519813964116,8.498532925835997,3243.0
1177,47.324519813964116,8.505164219376997,2024.0
1178,47.324519813964116,8.511795512917999,1688.0
1179,47.324519813964116,8.518426806458999,1506.0
1180,47.324519813964116,8.525058099999999,1618.0
1181,47.324519813964116,8.531689393541,1649.0
1182,47.324519813964116,8.538320687082,1735.0
1183,47.324519813964116,8.544951980623,1348.0
1184,47.324519813964116,8.551583274164,1171.0
1185,47.324519813964116,8.558214567705003,1289.0
1186,47.324519813964116,8.564845861246003,1628.0
1187,47.324519813964116,8.571477154787003,1649.0
1188,47.324519813964116,8.578108448328004,1832.0
1189,47.324519813964116,8.584739741869004,2674.0
1190,47.324519813964116,8.591371035410004,2846.0
1191,47.324519813964116,8.598002328951006,3032.0
1192,47.324519813964116,8.604633622492006,3255.0
1193,47.324519813964116,8.611264916033006,4273.0
1194,47.324519813964116,8.617896209574008,4294.0
1195,47.324519813964116,8.624527503115008,3318.0
1196,47.324519813964116,8.631158796656008,2812.0
1197,47.324519813964116,8.637790090197008,2853.0
1198,47.324519813964116,8.64442138373801,3081.0
1199,47.324519813964116,8.65105267727901,3180.0
1200,47.32003723773791,8.392432229179988,4075.0
1201,47.32003723773791,8.399063522720988,4520.0
1202,47.32003723773791,8.40569481626199,4646.0
1203,47.32003723773791,8.41232610980299,3300.0
1204,47.32003723773791,8.41895740334399,3170.0
1205,47.32003723773791,8.425588696884992,2872.0
1206,47.32003723773791,8.432219990425992,3255.0
1207,47.32003723773791,8.438851283966992,3244.0
1208,47.32003723773791,8.445482577507992,3321.0
1209,47.32003723773791,8.452113871048994,3125.0
1210,47.32003723773791,8.458745164589994,2596.0
1211,47.32003723773791,8.465376458130994,2301.0
1212,47.32003723773791,8.472007751671995,2147.0
1213,47.32003723773791,8.478639045212995,2387.0
1214,47.32003723773791,8.485270338753995,2490.0
1215,47.32003723773791,8.491901632294997,2255.0
1216,47.32003723773791,8.498532925835997,3107.0
1217,47.32003723773791,8.505164219376997,3216.0
1218,47.32003723773791,8.511795512917999,1743.0
1219,47.32003723773791,8.518426806458999,1245.0
1220,47.32003723773791,8.525058099999999,1456.0
1221,47.32003723773791,8.531689393541,1783.0
1222,47.32003723773791,8.538320687082,2136.0
1223,47.32003723773791,8.544951980623,1423.0
1224,47.32003723773791,8.551583274164,1524.0
1225,47.32003723773791,8.558214567705003,1546.0
1226,47.32003723773791,8.564845861246003,1804.0
1227,47.32003723773791,8.571477154787003,2020.0
1228,47.32003723773791,8.578108448328004,1897.0
1229,47.32003723773791,8.584739741869004,1905.0
1230,47.32003723773791,8.591371035410004,2901.0
1231,47.32003723773791,8.598002328951006,3276.0
1232,47.32003723773791,8.604633622492006,3554.0
1233,47.32003723773791,8.611264916033006,3915.0
1234,47.32003723773791,8.617896209574008,4042.0
1235,47.32003723773791,8.624527503115008,3895.0
1236,47.32003723773791,8.631158796656008,3449.0
1237,47.32003723773791,8.637790090197008,3228.0
1238,47.32003723773791,8.64442138373801,3355.0
1239,47.32003723773791,8.65105267727901,3897.0
1240,47.3155546615117,8.392432229179988,3374.0
1241,47.3155546615117,8.399063522720988,3295.0
1242,47.3155546615117,8.40569481626199,3405.0
1243,47.3155546615117,8.41232610980299,3376.0
1244,47.3155546615117,8.41895740334399,3211.0
1245,47.3155546615117,8.425588696884992,3228.0
1246,47.3155546615117,8.432219990425992,3701.0
1247,47.3155546615117,8.438851283966992,3626.0
1248,47.3155546615117,8.445482577507992,3368.0
1249,47.3155546615117,8.452113871048994,2957.0
1250,47.3155546615117,8.458745164589994,2425.0
1251,47.3155546615117,8.465376458130994,1960.0
1252,47.3155546615117,8.472007751671995,1743.0
1253,47.3155546615117,8.478639045212995,2157.0
1254,47.3155546615117,8.485270338753995,2689.0
1255,47.3155546615117,8.491901632294997,2536.0
1256,47.3155546615117,8.498532925835997,2847.0
1257,47.3155546615117,8.505164219376997,3601.0
1258,47.3155546615117,8.511795512917999,2060.0
1259,47.3155546615117,8.518426806458999,1651.0
1260,47.3155546615117,8.525058099999999,1447.0
1261,47.3155546615117,8.531689393541,1797.0
1262,47.3155546615117,8.538320687082,2001.0
1263,47.3155546615117,8.544951980623,1753.0
1264,47.3155546615117,8.551583274164,1796.0
1265,47.3155546615117,8.558214567705003,1790.0
1266,47.3155546615117,8.564845861246003,1760.0
1267,47.3155546615117,8.571477154787003,1941.0
1268,47.3155546615117,8.578108448328004,2069.0
1269,47.3155546615117,8.584739741869004,2022.0
1270,47.3155546615117,8.591371035410004,3077.0
1271,47.3155546615117,8.598002328951006,3003.0
1272,47.3155546615117,8.604633622492006,3493.0
1273,47.3155546615117,8.611264916033006,3802.0
1274,47.3155546615117,8.617896209574008,3831.0
1275,47.3155546615117,8.624527503115008,3897.0
1276,47.3155546615117,8.631158796656008,3902.0
1277,47.3155546615117,8.637790090197008,3943.0
1278,47.3155546615117,8.64442138373801,3770.0
1279,47.3155546615117,8.65105267727901,4132.0
1280,47.311072085285495,8.392432229179988,3255.0
1281,47.311072085285495,8.399063522720988,3484.0
1282,47.311072085285495,8.40569481626199,3414.0
1283,47.311072085285495,8.41232610980299,3857.0
1284,47.311072085285495,8.41895740334399,3590.0
1285,47.311072085285495,8.425588696884992,3491.0
1286,47.311072085285495,8.432219990425992,4881.0
1287,47.311072085285495,8.438851283966992,3482.0
1288,47.311072085285495,8.445482577507992,3446.0
1289,47.311072085285495,8.452113871048994,3518.0
1290,47.311072085285495,8.458745164589994,2559.0
1291,47.311072085285495,8.465376458130994,2205.0
1292,47.311072085285495,8.472007751671995,2259.0
1293,47.311072085285495,8.478639045212995,2385.0
1294,47.311072085285495,8.485270338753995,2890.0
1295,47.311072085285495,8.491901632294997,2288.0
1296,47.311072085285495,8.498532925835997,2579.0
1297,47.311072085285495,8.505164219376997,3346.0
1298,47.311072085285495,8.511795512917999,2202.0
1299,47.311072085285495,8.518426806458999,1632.0
1300,47.311072085285495,8.525058099999999,1175.0
1301,47.311072085285495,8.531689393541,1641.0
1302,47.311072085285495,8.538320687082,2028.0
1303,47.311072085285495,8.544951980623,1926.0
1304,47.311072085285495,8.551583274164,1471.0
1305,47.311072085285495,8.558214567705003,1486.0
1306,47.311072085285495,8.564845861246003,1430.0
1307,47.311072085285495,8.571477154787003,2164.0
1308,47.311072085285495,8.578108448328004,2256.0
1309,47.311072085285495,8.584739741869004,2342.0
1310,47.311072085285495,8.591371035410004,2355.0
1311,47.311072085285495,8.598002328951006,3352.0
1312,47.311072085285495,8.604633622492006,3576.0
1313,47.311072085285495,8.611264916033006,2959.0
1314,47.311072085285495,8.617896209574008,3178.0
1315,47.311072085285495,8.624527503115008,3336.0
1316,47.311072085285495,8.631158796656008,3962.0
1317,47.311072085285495,8.637790090197008,5000.0
1318,47.311072085285495,8.64442138373801,5000.0
1319,47.311072085285495,8.65105267727901,4577.0
1320,47.306589509059286,8.392432229179988,3774.0
1321,47.306589509059286,8.399063522720988,4347.0
1322,47.306589509059286,8.40569481626199,3959.0
1323,47.306589509059286,8.41232610980299,4195.0
1324,47.306589509059286,8.41895740334399,5569.0
1325,47.306589509059286,8.425588696884992,3803.0
1326,47.306589509059286,8.432219990425992,4006.0
1327,47.306589509059286,8.438851283966992,3174.0
1328,47.306589509059286,8.445482577507992,2694.0
1329,47.306589509059286,8.452113871048994,2460.0
1330,47.306589509059286,8.458745164589994,2900.0
1331,47.306589509059286,8.465376458130994,2588.0
1332,47.306589509059286,8.472007751671995,2615.0
1333,47.306589509059286,8.478639045212995,2623.0
1334,47.306589509059286,8.485270338753995,2687.0
1335,47.306589509059286,8.491901632294997,2544.0
1336,47.306589509059286,8.498532925835997,3446.0
1337,47.306589509059286,8.505164219376997,3445.0
1338,47.306589509059286,8.511795512917999,2264.0
1339,47.306589509059286,8.518426806458999,1915.0
1340,47.306589509059286,8.525058099999999,1465.0
1341,47.306589509059286,8.531689393541,1925.0
1342,47.306589509059286,8.538320687082,1892.0
1343,47.306589509059286,8.544951980623,1774.0
1344,47.306589509059286,8.551583274164,1476.0
1345,47.306589509059286,8.558214567705003,1423.0
1346,47.306589509059286,8.564845861246003,1365.0
1347,47.306589509059286,8.571477154787003,1513.0
1348,47.306589509059286,8.578108448328004,2439.0
1349,47.306589509059286,8.584739741869004,2259.0
1350,47.306589509059286,8.591371035410004,1972.0
1351,47.306589509059286,8.598002328951006,2445.0
1352,47.306589509059286,8.604633622492006,2511.0
1353,47.306589509059286,8.611264916033006,2666.0
1354,47.306589509059286,8.617896209574008,2880.0
1355,47.306589509059286,8.624527503115008,3331.0
1356,47.306589509059286,8.631158796656008,3709.0
1357,47.306589509059286,8.637790090197008,4035.0
1358,47.306589509059286,8.64442138373801,5000.0
1359,47.306589509059286,8.65105267727901,5000.0
1360,47.30210693283308,8.392432229179988,3829.0
1361,47.30210693283308,8.399063522720988,4498.0
1362,47.30210693283308,8.40569481626199,4539.0
1363,47.30210693283308,8.41232610980299,4954.0
1364,47.30210693283308,8.41895740334399,5000.0
1365,47.30210693283308,8.425588696884992,5000.0
1366,47.30210693283308,8.432219990425992,3717.0
1367,47.30210693283308,8.438851283966992,3466.0
1368,47.30210693283308,8.445482577507992,2159.0
1369,47.30210693283308,8.452113871048994,2296.0
1370,47.30210693283308,8.458745164589994,2742.0
1371,47.30210693283308,8.465376458130994,3386.0
1372,47.30210693283308,8.472007751671995,3217.0
1373,47.30210693283308,8.478639045212995,3643.0
1374,47.30210693283308,8.485270338753995,2330.0
1375,47.30210693283308,8.491901632294997,3114.0
1376,47.30210693283308,8.498532925835997,3435.0
1377,47.30210693283308,8.505164219376997,3618.0
1378,47.30210693283308,8.511795512917999,3537.0
1379,47.30210693283308,8.518426806458999,1847.0
1380,47.30210693283308,8.525058099999999,1383.0
1381,47.30210693283308,8.531689393541,2258.0
1382,47.30210693283308,8.538320687082,2311.0
1383,47.30210693283308,8.544951980623,1746.0
1384,47.30210693283308,8.551583274164,1847.0
1385,47.30210693283308,8.558214567705003,1620.0
1386,47.30210693283308,8.564845861246003,1469.0
1387,47.30210693283308,8.571477154787003,1227.0
1388,47.30210693283308,8.578108448328004,2217.0
1389,47.30210693283308,8.584739741869004,2151.0
1390,47.30210693283308,8.591371035410004,2149.0
1391,47.30210693283308,8.598002328951006,2371.0
1392,47.30210693283308,8.604633622492006,2816.0
1393,47.30210693283308,8.611264916033006,3000.0
1394,47.30210693283308,8.617896209574008,3458.0
1395,47.30210693283308,8.624527503115008,5000.0
1396,47.30210693283308,8.631158796656008,5000.0
1397,47.30210693283308,8.637790090197008,3692.0
1398,47.30210693283308,8.64442138373801,4302.0
1399,47.30210693283308,8.65105267727901,5000.0
1400,47.29762435660687,8.392432229179988,4027.0
1401,47.29762435660687,8.399063522720988,4172.0
1402,47.29762435660687,8.40569481626199,4479.0
1403,47.29762435660687,8.41232610980299,3849.0
1404,47.29762435660687,8.41895740334399,3790.0
1405,47.29762435660687,8.425588696884992,4220.0
1406,47.29762435660687,8.432219990425992,3661.0
1407,47.29762435660687,8.438851283966992,3292.0
1408,47.29762435660687,8.445482577507992,2860.0
1409,47.29762435660687,8.452113871048994,2364.0
1410,47.29762435660687,8.458745164589994,2957.0
1411,47.29762435660687,8.465376458130994,3307.0
1412,47.29762435660687,8.472007751671995,4820.0
1413,47.29762435660687,8.478639045212995,2662.0
1414,47.29762435660687,8.485270338753995,2505.0
1415,47.29762435660687,8.491901632294997,2558.0
1416,47.29762435660687,8.498532925835997,3905.0
1417,47.29762435660687,8.505164219376997,3776.0
1418,47.29762435660687,8.511795512917999,3511.0
1419,47.29762435660687,8.518426806458999,2239.0
1420,47.29762435660687,8.525058099999999,1821.0
1421,47.29762435660687,8.531689393541,1611.0
1422,47.29762435660687,8.538320687082,2462.0
1423,47.29762435660687,8.544951980623,2218.0
1424,47.29762435660687,8.551583274164,1926.0
1425,47.29762435660687,8.558214567705003,1472.0
1426,47.29762435660687,8.564845861246003,1125.0
1427,47.29762435660687,8.571477154787003,1151.0
1428,47.29762435660687,8.578108448328004,1336.0
1429,47.29762435660687,8.584739741869004,2175.0
1430,47.29762435660687,8.591371035410004,2356.0
1431,47.29762435660687,8.598002328951006,2046.0
1432,47.29762435660687,8.604633622492006,2425.0
1433,47.29762435660687,8.611264916033006,2906.0
1434,47.29762435660687,8.617896209574008,3254.0
1435,47.29762435660687,8.624527503115008,3078.0
1436,47.29762435660687,8.631158796656008,3354.0
1437,47.29762435660687,8.637790090197008,5532.0
1438,47.29762435660687,8.64442138373801,4369.0
1439,47.29762435660687,8.65105267727901,5000.0
1440,47.29314178038066,8.392432229179988,4214.0
1441,47.29314178038066,8.399063522720988,3201.0
1442,47.29314178038066,8.40569481626199,3744.0
1443,47.29314178038066,8.41232610980299,4069.0
1444,47.29314178038066,8.41895740334399,3862.0
1445,47.29314178038066,8.425588696884992,3520.0
1446,47.29314178038066,8.432219990425992,3537.0
1447,47.29314178038066,8.438851283966992,2872.0
1448,47.29314178038066,8.445482577507992,2582.0
1449,47.29314178038066,8.452113871048994,2610.0
1450,47.29314178038066,8.458745164589994,2974.0
1451,47.29314178038066,8.465376458130994,3345.0
1452,47.29314178038066,8.472007751671995,5000.0
1453,47.29314178038066,8.478639045212995,2675.0
1454,47.29314178038066,8.485270338753995,2469.0
1455,47.29314178038066,8.491901632294997,2695.0
1456,47.29314178038066,8.498532925835997,4528.0
1457,47.29314178038066,8.505164219376997,4491.0
1458,47.29314178038066,8.511795512917999,3527.0
1459,47.29314178038066,8.518426806458999,2800.0
1460,47.29314178038066,8.525058099999999,2237.0
1461,47.29314178038066,8.531689393541,2527.0
1462,47.29314178038066,8.538320687082,1801.0
1463,47.29314178038066,8.544951980623,2541.0
1464,47.29314178038066,8.551583274164,2097.0
1465,47.29314178038066,8.558214567705003,1389.0
1466,47.29314178038066,8.564845861246003,1104.0
1467,47.29314178038066,8.571477154787003,1448.0
1468,47.29314178038066,8.578108448328004,1572.0
1469,47.29314178038066,8.584739741869004,2221.0
1470,47.29314178038066,8.591371035410004,2232.0
1471,47.29314178038066,8.598002328951006,2341.0
1472,47.29314178038066,8.604633622492006,2533.0
1473,47.29314178038066,8.611264916033006,2752.0
1474,47.29314178038066,8.617896209574008,3035.0
1475,47.29314178038066,8.624527503115008,3373.0
1476,47.29314178038066,8.631158796656008,3057.0
1477,47.29314178038066,8.637790090197008,3325.0
1478,47.29314178038066,8.64442138373801,3929.0
1479,47.29314178038066,8.65105267727901,5000.0
1480,47.28865920415445,8.392432229179988,4550.0
1481,47.28865920415445,8.399063522720988,3788.0
1482,47.28865920415445,8.40569481626199,3714.0
1483,47.28865920415445,8.41232610980299,3983.0
1484,47.28865920415445,8.41895740334399,3253.0
1485,47.28865920415445,8.425588696884992,3219.0
1486,47.28865920415445,8.432219990425992,3121.0
1487,47.28865920415445,8.438851283966992,3109.0
1488,47.28865920415445,8.445482577507992,3031.0
1489,47.28865920415445,8.452113871048994,2382.0
1490,47.28865920415445,8.458745164589994,2793.0
1491,47.28865920415445,8.465376458130994,3203.0
1492,47.28865920415445,8.472007751671995,3655.0
1493,47.28865920415445,8.478639045212995,2918.0
1494,47.28865920415445,8.485270338753995,2851.0
1495,47.28865920415445,8.491901632294997,3414.0
1496,47.28865920415445,8.498532925835997,3217.0
1497,47.28865920415445,8.505164219376997,5000.0
1498,47.28865920415445,8.511795512917999,5299.0
1499,47.28865920415445,8.518426806458999,3047.0
1500,47.28865920415445,8.525058099999999,2847.0
1501,47.28865920415445,8.531689393541,2189.0
1502,47.28865920415445,8.538320687082,1757.0
1503,47.28865920415445,8.544951980623,1818.0
1504,47.28865920415445,8.551583274164,1897.0
1505,47.28865920415445,8.558214567705003,1669.0
1506,47.28865920415445,8.564845861246003,1531.0
1507,47.28865920415445,8.571477154787003,1567.0
1508,47.28865920415445,8.578108448328004,1842.0
1509,47.28865920415445,8.584739741869004,2270.0
1510,47.28865920415445,8.591371035410004,2444.0
1511,47.28865920415445,8.598002328951006,2532.0
1512,47.28865920415445,8.604633622492006,2810.0
1513,47.28865920415445,8.611264916033006,2721.0
1514,47.28865920415445,8.617896209574008,2949.0
1515,47.28865920415445,8.624527503115008,3287.0
1516,47.28865920415445,8.631158796656008,3125.0
1517,47.28865920415445,8.637790090197008,3550.0
1518,47.28865920415445,8.64442138373801,3901.0
1519,47.28865920415445,8.65105267727901,4261.0
1520,47.28417662792824,8.392432229179988,3886.0
1521,47.28417662792824,8.399063522720988,3548.0
1522,47.28417662792824,8.40569481626199,3453.0
1523,47.28417662792824,8.41232610980299,3364.0
1524,47.28417662792824,8.41895740334399,3794.0
1525,47.28417662792824,8.425588696884992,3394.0
1526,47.28417662792824,8.432219990425992,3317.0
1527,47.28417662792824,8.438851283966992,3170.0
1528,47.28417662792824,8.445482577507992,2833.0
1529,47.28417662792824,8.452113871048994,2571.0
1530,47.28417662792824,8.458745164589994,2685.0
1531,47.28417662792824,8.465376458130994,4686.0
1532,47.28417662792824,8.472007751671995,4165.0
1533,47.28417662792824,8.478639045212995,2928.0
1534,47.28417662792824,8.485270338753995,2589.0
1535,47.28417662792824,8.491901632294997,2868.0
1536,47.28417662792824,8.498532925835997,3731.0
1537,47.28417662792824,8.505164219376997,3455.0
1538,47.28417662792824,8.511795512917999,3694.0
1539,47.28417662792824,8.518426806458999,2656.0
1540,47.28417662792824,8.525058099999999,2378.0
1541,47.28417662792824,8.531689393541,2372.0
1542,47.28417662792824,8.538320687082,2096.0
1543,47.28417662792824,8.544951980623,1737.0
1544,47.28417662792824,8.551583274164,1737.0
1545,47.28417662792824,8.558214567705003,1753.0
1546,47.28417662792824,8.564845861246003,1705.0
1547,47.28417662792824,8.571477154787003,1679.0
1548,47.28417662792824,8.578108448328004,2300.0
1549,47.28417662792824,8.584739741869004,2141.0
1550,47.28417662792824,8.591371035410004,2014.0
1551,47.28417662792824,8.598002328951006,2764.0
1552,47.28417662792824,8.604633622492006,2496.0
1553,47.28417662792824,8.611264916033006,2370.0
1554,47.28417662792824,8.617896209574008,2513.0
1555,47.28417662792824,8.624527503115008,2873.0
1556,47.28417662792824,8.631158796656008,3124.0
1557,47.28417662792824,8.637790090197008,3651.0
1558,47.28417662792824,8.64442138373801,4263.0
1559,47.28417662792824,8.65105267727901,3954.0
1560,47.27969405170203,8.392432229179988,4055.0
1561,47.27969405170203,8.399063522720988,3781.0
1562,47.27969405170203,8.40569481626199,3439.0
1563,47.27969405170203,8.41232610980299,3595.0
1564,47.27969405170203,8.41895740334399,3878.0
1565,47.27969405170203,8.425588696884992,4250.0
1566,47.27969405170203,8.432219990425992,3514.0
1567,47.27969405170203,8.438851283966992,3032.0
1568,47.27969405170203,8.445482577507992,2752.0
1569,47.27969405170203,8.452113871048994,2439.0
1570,47.27969405170203,8.458745164589994,2603.0
1571,47.27969405170203,8.465376458130994,2933.0
1572,47.27969405170203,8.472007751671995,3206.0
1573,47.27969405170203,8.478639045212995,2968.0
1574,47.27969405170203,8.485270338753995,3037.0
1575,47.27969405170203,8.491901632294997,2737.0
1576,47.27969405170203,8.498532925835997,3387.0
1577,47.27969405170203,8.505164219376997,3485.0
1578,47.27969405170203,8.511795512917999,3149.0
1579,47.27969405170203,8.518426806458999,2832.0
1580,47.27969405170203,8.525058099999999,2858.0
1581,47.27969405170203,8.531689393541,2528.0
1582,47.27969405170203,8.538320687082,2338.0
1583,47.27969405170203,8.544951980623,2156.0
1584,47.27969405170203,8.551583274164,2330.0
1585,47.27969405170203,8.558214567705003,2282.0
1586,47.27969405170203,8.564845861246003,2321.0
1587,47.27969405170203,8.571477154787003,1904.0
1588,47.27969405170203,8.578108448328004,1768.0
1589,47.27969405170203,8.584739741869004,1959.0
1590,47.27969405170203,8.591371035410004,1941.0
1591,47.27969405170203,8.598002328951006,2393.0
1592,47.27969405170203,8.604633622492006,2267.0
1593,47.27969405170203,8.611264916033006,2195.0
1594,47.27969405170203,8.617896209574008,2383.0
1595,47.27969405170203,8.624527503115008,2992.0
1596,47.27969405170203,8.631158796656008,3036.0
1597,47.27969405170203,8.637790090197008,3024.0
1598,47.27969405170203,8.64442138373801,3000.0
1599,47.27969405170203,8.65105267727901,3239.0
